"film_id","title"
15,"Alien Center"
19,"Amadeus Holy"
45,"Attraction Newton"
50,"Baked Cleopatra"
52,"Ballroom Mockingbird"
54,"Banger Pinocchio"
68,"Betrayed Rear"
73,"Bingo Talented"
83,"Blues Instinct"
89,"Borrowers Bedazzled"
103,"Bucket Brotherhood"
120,"Caribbean Liberty"
130,"Celebrity Horn"
138,"Chariots Conspiracy"
139,"Chasing Fight"
164,"Coast Rainbow"
179,"Conquerer Nuts"
200,"Curtain Videotape"
226,"Destiny Saturday"
227,"Details Packer"
228,"Detective Vision"
233,"Disciple Mother"
234,"Disturbing Scarface"
241,"Donnie Alley"
247,"Downhill Enough"
248,"Dozen Lion"
255,"Driving Polish"
257,"Drumline Cyclone"
267,"Eagles Panky"
288,"Escape Metropolis"
293,"Exorcist Sting"
295,"Expendable Stallion"
299,"Factory Dragon"
300,"Falcon Volume"
307,"Fellowship Autumn"
347,"Games Bowfinger"
348,"Gandhi Kwai"
349,"Gangs Pride"
388,"Gunfight Moon"
393,"Halloween Nuts"
397,"Hanky October"
418,"Hobbit Alien"
471,"Island Exorcist"
480,"Jeepers Wedding"
484,"Jerk Paycheck"
487,"Jingle Sagebrush"
505,"Labyrinth League"
506,"Lady Stage"
517,"Lesson Cleopatra"
527,"Lola Agent"
563,"Massacre Usual"
573,"Microcosmos Paradise"
621,"Network Peak"
624,"Nightmare Chill"
630,"Notting Speakeasy"
651,"Packer Madigan"
681,"Pirates Roxanne"
684,"Pizza Jumanji"
694,"Prejudice Oleander"
715,"Range Moonwalker"
757,"Sagebrush Clueless"
772,"Sea Virgin"
776,"Secret Groundhog"
783,"Shane Darkness"
838,"Stagecoach Armageddon"
858,"Submarine Bed"
865,"Sunrise League"
868,"Superfly Trip"
870,"Swarm Gold"
875,"Talented Homicide"
898,"Tourist Pelican"
902,"Trading Pinocchio"
914,"Trouble Date"
941,"Videotape Arsenic"
948,"Voice Peach"
953,"Wait Cider"
958,"Wardrobe Phantom"
963,"Watch Tracy"
967,"Weekend Personal"
971,"Whale Bikini"
973,"Wife Turn"
1000,"Zorro Ark"
